codigo,nombre,descripcion,photo,contenedor,cantidadcontenedor,categoria_id
13117017823,FIORE MANZANILLA CON ALAS CONT. 8U,TOALLAS SANITARIAS FIORE,productos/imagen-no-disponible.png,CAJA,12,5
13117017830,FIORE MANZANILLA SIN ALAS CONT. 8u,TOALLAS SANITARIAS FIORE SIN ALAS,productos/imagen-no-disponible.png,CAJA,12,5
24000323013,NECTAR DELMONTE MANZANA 200ml,JUGO DE MANZANA DEL MONTEDE CAJA,productos/imagen-no-disponible.png,UNIDAD,1,1
24000323020,NECTAR DEL MONTE MELOCOTON 200ml,JUGO DE MELOCOTON DEL MONTE DE CAJA,productos/imagen-no-disponible.png,UNIDAD,1,1
24000323037,NECTAR DEL MONTE PERA 200ml,JUGO DE PERA DEL MONTE DE CAJA,productos/imagen-no-disponible.png,UNIDAD,1,1
24474381014,JUGO PETIT LATA MANZANA 330ml,JUGO DE MANZANA PETIT LATA,productos/imagen-no-disponible.png,UNIDAD,1,1
24474381021,JUGO PETIT LATA DURAZNO 330ml,JUGO DE DURAZNO DE LATA PETIT,productos/imagen-no-disponible.png,UNIDAD,1,1
24474381038,JUGO PETIT LATA PERA 330ml,JUGO DE PERA DE LATA PETIT,productos/imagen-no-disponible.png,UNIDAD,1,1
36731001733,GATORADE SABOR UVA 350ml,GATORADE UVA,productos/imagen-no-disponible.png,UNIDAD,1,1
36731001740,GATORADE SABOR NARANJA 350ml,GATORADE DE NARANJA,productos/imagen-no-disponible.png,UNIDAD,1,1
36731001757,GATORADE SABOR PONCHE DE FRUTAS 350ml,GATORADE DE PONCHE DE FRUTA,productos/imagen-no-disponible.png,UNIDAD,1,1
36731393685,GATORAD SABOR PONCHE DE FRUTAS 600ml,GATORADE DE PONCHE DE FRUTA,productos/imagen-no-disponible.png,UNIDAD,1,1
36731393692,GATORADE SABOR NARANJA 600ml,GATORADE DE NARANJA,productos/imagen-no-disponible.png,UNIDAD,1,1
36731393708,GATORADE SABOR UVA 600ml,GATORADE DE UVA,productos/imagen-no-disponible.png,UNIDAD,1,1
36731393821,GATORADE SABOR PONCHE DE FRUTAS 1 LITRO,GATORADE DE PONCHE DE FRUTAS,productos/imagen-no-disponible.png,UNIDAD,1,1
36731393838,GATORADE SABOR UVA 1 LITRO,GATORADE DE UVA,productos/imagen-no-disponible.png,UNIDAD,1,1
36731393845,GATORADE SABOR NARANJA 1 LITRO,GATORADE DE NARANJA,productos/imagen-no-disponible.png,UNIDAD,1,1
41789001840, SOPA INSTANTANEA SABOR A POLLO CON CHILE 64g,SOPA MARUCHAN DE POLLO CON CHILE,productos/imagen-no-disponible.png,UNIDAD,1,5
41789001918,SOPA INSTANTANEA SABOR A POLLO 64g,SOPA MARUCHAN DE POLLO,productos/imagen-no-disponible.png,UNIDAD,1,5
41789001956,SOPA INSTANTANEA SABOR A CAMARON 64g,SOPA MARUCHAN  DE CAMARON,productos/imagen-no-disponible.png,UNIDAD,1,5
41789001987,SOPA INSTANTANEA SABOR A CAMARON CON CHILE 64g,SOPA MARUACHAN DE CAMARON CON CHILE,productos/imagen-no-disponible.png,UNIDAD,1,5
74323078879,PALETAS PAYASO 25g,PALETA PAYASO,productos/imagen-no-disponible.png,DOCENA,12,4
7432354,BUBU LUBU 35g,CHOCOLATE BUBU LUBU,productos/imagen-no-disponible.png,DOCENA,12,4
790736196121,STARLIGHT MINTS,STARLIGHT MINTS DE MENTA,productos/imagen-no-disponible.png,BOLSA,200,4
81537154589,V8 SPLASH STAWBERRY KIWI 473ml,JUGO V8 SPLASH STAWBERRY,productos/imagen-no-disponible.png,UNIDAD,1,1
81537154589,V8 SPLASH TROPICAL BLEN 473ml,JUGO V8 SPLAH TROPICAL BLEN,productos/imagen-no-disponible.png,UNIDAD,1,1
81537154596,V8 SPLASH BERRY BLEND 473ml,JUGO V8 SPLAH BERRY BLEND,productos/imagen-no-disponible.png,UNIDAD,1,1
81537305639,CHOBIX QUESO CHIPOTLE 18g,CHOBIX QUESO CHIPOTLE,productos/imagen-no-disponible.png,TIRA,12,2
865810015121,GALLETAS CREMAS 37.5g,GALLETA CREMAS,productos/imagen-no-disponible.png,PAQUETE,12,2
86581012502,GALLETA CLUB EXTRA ORIGINAL 25g,GALLETA CLUB EXTRA ORIGINAL,productos/imagen-no-disponible.png,PAQUETE,12,2
86581017699,GALLETAS TIPO 25 g,GALLETA TIPO,productos/imagen-no-disponible.png,PAQUETE,12,2
86581110888,GALLETA CHIKY 40g,GALLETA CHIKY ,productos/imagen-no-disponible.png,PAQUETE,12,2
89674070113,CHILE JALAPEÑO MITADES 156g,CHILE JALAPEÑO MITADES,productos/imagen-no-disponible.png,UNIDAD,1,5
89674070403,CHILE JALAPEÑO TROCITOS 156g,CHILE JALAPEÑO TROCITOS,productos/imagen-no-disponible.png,UNIDAD,1,5
97294712634,PASTA FAMA ESPAGUETI 200g,ESPAGUETI FAMA,productos/imagen-no-disponible.png,PAQUETE,6,5
99176006251,ASISTIN FORTA MANZANA 80ml,ASISTIN FORTA MANZANA,productos/imagen-no-disponible.png,TIRA,12,5
99176006268,ASISTIN FORTA LAVANDA 80ml,ASISTIN FORTA LAVANDA,productos/imagen-no-disponible.png,TIRA,12,5
99176232933,SUAVITEL COMPLETE AROMA DE SOL 80ml,SUAVITEL COMPLETE AROMA DE SOL,productos/imagen-no-disponible.png,TIRA,12,5
99176232940,SUAVITEL COMPLETE FRESCA PRIMAVERA 80ml,SUAVITEL COMPLETE FRESCA PRIMAVERA ,productos/imagen-no-disponible.png,TIRA,12,5
99176261308,AXION DISCO LIMON 115gr,JABON AXION DISCO,productos/imagen-no-disponible.png,TIRA,12,5
99176300397,PASTA DENTAL  COLGATE DOBLE FRESCURA 75ml,PASTS DENTAL COLGATE DOBLE FRESCURA,productos/imagen-no-disponible.png,DOCENA,12,5
99176316817,CEPILLO DENTAL COLGATE PREMIER CLEAN ,CEPILLO DENTAL COLGATE,productos/imagen-no-disponible.png,DOCENA,12,5
99176480518,CEPILLO DENTAL COLGATE PREMIER CLEAN ,CEPILLO DENTAL COLGATE,productos/imagen-no-disponible.png,DOCENA,12,5
99176918301,JABON PALMOLIVE SECRETO SEDUCTOR 100g,JABON DE BAÑO PALMOLIVE,productos/imagen-no-disponible.png,UNIDAD,1,5
99176922261,JABON PROTEX BALANCE SALUDABLE 110ml,JABON DE BAÑO PROTEX,productos/imagen-no-disponible.png,UNIDAD,1,5
99176922346,JABON PROTEX AVENA 110g,JABON DE BAÑO PROTEX,productos/imagen-no-disponible.png,UNIDAD,1,5
99176922575,JABON PROTEX LIMPIEZA PROFUNDA 110ml,JABON DE BAÑO PROTEX,productos/imagen-no-disponible.png,UNIDAD,1,5
99176922773,JABON PROTEX OMEGA 3 110ml,JABON DE BAÑO PROTEX,productos/imagen-no-disponible.png,UNIDAD,1,5
99176923015,JABON PROTEX COMPLETE 12,JABON DE BAÑO PROTEX,productos/imagen-no-disponible.png,UNIDAD,1,5
41789001925,SOPA INSTANTANEA SABOR A CARNE DE RES 64g,SOPA MARUCHAN DE RES,productos/imagen-no-disponible.png,UNIDAD,1,5
42100163861,JABON MAX PODER FRESCURA INTENSA 3 u,JABON DE ROPA,productos/imagen-no-disponible.png,UNIDAD,1,5
4719867213268,SUPER PLUS GLUE ,PEGA LOCA,productos/imagen-no-disponible.png,CARTON,12,5
660756001494,BUE NACHOS CHILE Y LIMON EXTREMO ,GOLOSINAS BUENA NACHO CHILE Y LIMON EXTREMO,productos/imagen-no-disponible.png,TIRA,12,2
660756005102,FRIJOLI CHIPS,GOLOSINA FRIJOLI CHIPS,productos/imagen-no-disponible.png,TIRA,12,2
660756041971,PAPASITAS QUESO ,GOLISINAS PAPISITAS CON QUESO,productos/imagen-no-disponible.png,TIRA,12,2
6607560555633,GUSTITOS SUPER CHURRO ,GOLOSINA GUSTITO SUPER CHURRO,productos/imagen-no-disponible.png,TIRA,12,2
721282202721,DORITOS VERDE RADIANTE 30g, GOLOSINAS DORITOS VERDE ,productos/imagen-no-disponible.png,UNIDAD,1,2
721282202738, LAYS ORIGINALL 26g,LAYS ORIGINAL,productos/imagen-no-disponible.png,UNIDAD,1,2
721282202745,FIESTA SNKAC 37g,GOLOSINAS FIESTA SNKAC,productos/imagen-no-disponible.png,UNIDAD,1,2
721282203834,TORTRIX TACOS CHILE-ROS 32g,GOLOSINA TACOS CHILE-ROS,productos/imagen-no-disponible.png,TIRA,12,2
721282203964,LAYS MAX QUESO 26g,LAYS MAX QUESO,productos/imagen-no-disponible.png,UNIDAD,1,2
721282203971,LAYS MAX CREMA Y ESPECIAS 26g,LAYS MAX CREMA Y ESPECIAS,productos/imagen-no-disponible.png,UNIDAD,1,2
721282303725,CHETOS HORNEADOS POFFS QUESO 26g,CHETOS QUESO,productos/imagen-no-disponible.png,UNIDAD,1,2
721282402336,CHETOS CRUNCHY EXTRA QUESO 28g,CHETOS CRUNCHY QUESO,productos/imagen-no-disponible.png,UNIDAD,1,2
721282403203,LAYS ORIGINAL 15g,LAYS ORIGINAL,productos/imagen-no-disponible.png,UNIDAD,1,2
721282403579,DORITOS NACHO ATREVIDO 24g,DORITOS NACHO ATREVIDO,productos/imagen-no-disponible.png,UNIDAD,1,2
721282403593,DORITOS QUESO ACELERADO 24g,DORITO QUESO ACELERADO,productos/imagen-no-disponible.png,UNIDAD,1,2
721282403692,CRUJITOS QUESO Y CHILE 17g,CRUJITOS QUESO Y CHILE,productos/imagen-no-disponible.png,UNIDAD,1,2
731809001058, SODA SALVACOLA 12Onz,SODA SALVACOLA PEKEÑA,productos/imagen-no-disponible.png,CAJA,24,1
731809001928,SODA SALVACOLA 1 LITRO,SODA SALVACOLA LITRO,productos/imagen-no-disponible.png,CAJA,12,1
731809001935,SODA KOLASHANPAN 1 LITRO,SODA KOLASHANPAN LITRO,productos/imagen-no-disponible.png,CAJA,12,1
731809002550,SODA SALVACOLA 1.25 LITROS,SODA SALVACOLA LITRO Y MEDIO,productos/imagen-no-disponible.png,CAJA,12,1
731809002574,SODA CASCADA ORANGE 1.25 LITROS,SODA  CASCADA ORANGE LITRO Y MEDIO,productos/imagen-no-disponible.png,CAJA,12,1
731809002581,SODA CASCADA STRAWBERRY 1.25 LITROS,SODA CASCADA STRAWBERRY LITRO Y MEDIO,productos/imagen-no-disponible.png,CAJA,12,1
731809002598,SODA CASCADA UVA 1.25 LITROS,SODA CASCADA UVA LITRO Y MEDIO,productos/imagen-no-disponible.png,CAJA,12,1
731809002949,JUGO CASCADA NARANJA 3litros ,JUGO CASCADA NARANJA 3 LITROS,productos/imagen-no-disponible.png,PAQUETE,6,1
73180900307,AGUA CACASCADA 700ml,,,,0,1
731809019107,BEBIDA ENERGIZANTE HI ENERGY CON TAURINA 500ml,ENERGIZANTE HI ENERGY,productos/imagen-no-disponible.png,PAQUETE,12,1
74000654,SUBMARINO SABOR VAINILLA WOW 64g,SUBMARINO DE VAINILLA,productos/imagen-no-disponible.png,UNIDAD,1,3
74000661,SUBMARINOS SABOR FRESA PO 64g,SUBMARINO DE FRESA,productos/imagen-no-disponible.png,UNIDAD,1,3
74000685,PINGUINOS 80g,PINGUINO,productos/imagen-no-disponible.png,DOCENA,12,3
74000708,GANSITO CON RELLENO + RICO 50g,GANSITO CON RELLENO,productos/imagen-no-disponible.png,UNIDAD,1,3
74001187,DALMATA CREMOSO + RICO 45g,DALMATA CREMOSO,productos/imagen-no-disponible.png,UNIDAD,1,3
74001200,SPONCH SABOR A FRESA 90g,GALLETA SPONCH FRESA,productos/imagen-no-disponible.png,UNIDAD,1,3
7401000707723,BEBIDA ENERGIZANTE RAPTOR 600ml,ENERGIZANTE RAPTOR,productos/imagen-no-disponible.png,PAQUETE,12,1
7401005904011,PEPSI LATA 355ml,SODA PEPSI EN LATA,productos/imagen-no-disponible.png,UNIDAD,1,1
7401005904059,SALUTARIS AGUA MINERAL 355ml,AGUA MINERAL SALUTARIS,productos/imagen-no-disponible.png,,1,1
7401005906428,LIPTON TE FRIO SABOR LIMON 2.5litros,TE LIPTON DE LIMON,productos/imagen-no-disponible.png,PAQUETE,6,1
7401005907753,BEBIDA ENERGIZANTE ADRENALINE RUSH 296ml,ENERGIZANTE ADRENALINA,productos/imagen-no-disponible.png,DOCENA,12,1
7401005907890,LIPTON TE FRIO SABOR FAMBRUESA 2.5litros,TE LIPTON DE FRAMBRUESA,productos/imagen-no-disponible.png,PAQUETE,6,1
7401005910173,TE LIPTON SABOR LIMON 500ml,TE LIPTON DE LIMON,productos/imagen-no-disponible.png,UNIDAD,1,1
7401005910180,TE LIPTON SABOR DURAZNO 500ml,TE LIPTON DE DURAZNO,productos/imagen-no-disponible.png,UNIDAD,1,1
7401005912016,PEPSI 1.25litros,PEPSI LITRO Y MEDIO,productos/imagen-no-disponible.png,CAJA,24,1
7401005915017,PEPSI 3litros,PEPSI 3 LITROS,productos/imagen-no-disponible.png,PAQUETE,6,1
7401005980879,BEBIDA ENERGIZANTE AMP ENERGY 600ml,ENERGIZANTE AMP,productos/imagen-no-disponible.png,PAQUETE,12,1
7401005988530,SALUTARIS SABOR LIMONADA 355ml,AGUA MINERAL SALUTARIS LIMONADA,productos/imagen-no-disponible.png,UNIDAD,1,1
7401005988547,SALUTARIS SABOR  NARANJA 355ml,AGUA MINERAI SALUTARIS DE NARANJA,productos/imagen-no-disponible.png,UNIDAD,1,1
7401006210500,FOSFOROS FOGATA ,FOSFOROS FOGATA,productos/imagen-no-disponible.png,PAQUETE,10,5
7401079203959,BEBIDA DE ALOE VERA ORIGINAL 500ml,ALOE VERA ,productos/imagen-no-disponible.png,CAJA,24,1
7401090800014,PALETA GIGA ALMENDRA 95g,PALETA GIGA ALMENDRA,productos/imagen-no-disponible.png,CAJA,21,7
7401090800021,PALETA  GIGA CLASICA 95g,PALETA GIGA CLASICA,productos/imagen-no-disponible.png,CAJA,12,7
7401090800045,VASITO VISABOR VAINILLA - FRESA 70g,VASITO VISABOR VAINILLA FRESA ,productos/imagen-no-disponible.png,CAJA,18,7
7401090800052,VASITO VISABOR VAINILLA -CHOCOLATE 70g,VASITO VISABOR VAINILLA CHOCOLATE,productos/imagen-no-disponible.png,CAJA,18,7
7401090800083,HELADO CREMOSO SABOR FRESA EN BARRITA 80g,BARRITA DE FRESA,productos/imagen-no-disponible.png,CAJA,50,7
7401090800090,HELADO CREMOSO SABOR VAINILLA EN BARRITA 80g,BARRITA DE VAINILLA,productos/imagen-no-disponible.png,CAJA,50,7
7401090800106,HELADO CREMOSO SABOR CHOCOLATE EN BARRITA 80g,BARRITA DE CHOCOLATE,productos/imagen-no-disponible.png,CAJA,50,7
7401090800151,PALETA DE FRUTA SABOR COCO 95g,PALETA DE COCO,productos/imagen-no-disponible.png,CAJA,15,7
7401090800175,PALETA CINTA NEGRA 70g,CINTA NEGRA,productos/imagen-no-disponible.png,CAJA,24,7
7401090800250,PALITO VAINILLA 55g,PALITO VAINILLA,productos/imagen-no-disponible.png,UNIDAD,1,7
7401090800267,PALITO FRESA 55g,PALITO FRESA,productos/imagen-no-disponible.png,UNIDAD,1,7
7401090800274,PALITO CHOCOLATE 55g,PALITO CHOCOLATE,productos/imagen-no-disponible.png,UNIDAD,1,7
7401090800458,PALETA DE  FRUTA SABOR FRESA 95 g,PALETA DE FRESA,productos/imagen-no-disponible.png,CAJA,15,7
7401090800694,SANDWICH QUESO FRESA 80g,SANDWICH DE QUESO Y FRESA,productos/imagen-no-disponible.png,CAJA,16,7
7401090801691,HELADO CREMOSO NAPOLITANO 1 LITRO,NAPOLITANO LITRO,productos/imagen-no-disponible.png,UNIDAD,1,7
7401090802001,PALETA CINTA NEGRA CRISPY 90g,CINTA NEGRA CRISPRY,productos/imagen-no-disponible.png,CAJA,21,7
7401090802131,SANDWICH CHOCOLATE VAINILLA 80g,SANDWICH DE CHOCOLATE Y VAINILLA,productos/imagen-no-disponible.png,CAJA,21,7
7401090802544,HELADO TIPO CASERO GALLETA 70g,HELADO DE GALLETA,productos/imagen-no-disponible.png,CAJA,14,7
7401090802568,HELADO TIPO CASERO LECHE CONDENSADA CON CARAMELO 70g,HELADO LECHE CONDENSADA CON CARAMELO,productos/imagen-no-disponible.png,CAJA,14,7
7401090802575,HELADO TIPO CASERO RON CON PASAS 70g,HELADO DE RON CON PASAS,productos/imagen-no-disponible.png,CAJA,14,7
7401090802810,PALETA DE FRUTA SABOR MANGO,PALETA DE MANGO,productos/imagen-no-disponible.png,UNIDAD,1,7
7401090803008,CONO SOFT VAINILLA- FRESA 75g,CONO SOFT VANILLA FRESA,productos/imagen-no-disponible.png,CAJA,15,7
7401090803015,CONO SOFT VAINILLA -CHOCOLATE 75g,CONO SOFT VAINILLA CHOCOLATE,productos/imagen-no-disponible.png,CAJA,15,7
7401090803718,PALETA SANDIA MANZANA VERDE 75g,PALETA DE SANDIA,productos/imagen-no-disponible.png,CAJA,20,7
7401090803725,SORBY TUBE FRESA,SORBY FRESA,productos/imagen-no-disponible.png,CAJA,16,7
7401090803732,SORBY TUBE LIMON,SORBY DE LIMON,productos/imagen-no-disponible.png,CAJA,16,7
7401090803879,PALETA CREMOSA FRESA 70g,PALETA CREMOSA FRESA,productos/imagen-no-disponible.png,CAJA,15,7
7401090803909,COPA SUNDAE SABOR FRESA 125g,SUNDAE DE FRESA,productos/imagen-no-disponible.png,CAJA,12,7
7401090803923,COPA SUNDAE SABOR CARAMELO 125g,SUNDAE DE CARAMELO,productos/imagen-no-disponible.png,CAJA,12,7
7401090804876,PALETA CRUNCHY POP FRESA 75g,CRUNCHY POP FRESA,productos/imagen-no-disponible.png,CAJA,12,7
7402000016488,AUSTRALIAN LECHE ENTERA 120g,AUSTRALIAN LECHE ENTERA,productos/imagen-no-disponible.png,TIRA,6,5
7406234001838,BON O BON COLOMBINETAS COOKIES & CREAM ,BON O BON COOKIES AND CREAM,productos/imagen-no-disponible.png,CAJA,30,2
7406234005560,BON BON BUM SURTIDO ,BON BON BUM ,productos/imagen-no-disponible.png,BOLSA,24,2
7406249000048,AUSTRALIAN LECHE ENTERA 26g,AUSTRALIA PEQUEÑA,productos/imagen-no-disponible.png,TIRA,12,5
7410000400084,ALGODÓN ABSORBENTE PRO-MEDICI 2grs,ALGODÓN,productos/imagen-no-disponible.png,UNIDAD,1,5
7410002010052,SUDA GRIP ANTIGRIPAL,SUDA GRIP ANTIGRIPAL,productos/imagen-no-disponible.png,UNIDAD,1,8
74100030770751,LEJIA MAXI-SOL 210ml,LEJIA MAXI-SOL,productos/imagen-no-disponible.png,FARDO,72,5
7410010619001,CANDELA VALENCIANA  # 4,CANDELA #4,productos/imagen-no-disponible.png,CAJA,4,5
7410010619018,CANDELA VALENCIANA # 5,CANDELA #5,productos/imagen-no-disponible.png,CAJA,5,5
7410030771208,DETERGENTE MAXXI ESPUMA FANTASIA ROSA 900g,DETERGENTE MAXXI ESPUMA,productos/imagen-no-disponible.png,FARDO,12,5
741003310383,TORTI CHIPS LIMON ,TORTI CHIPS LIMON,productos/imagen-no-disponible.png,TIRA,12,2
741003400081,PALAGRIP,PALAGRIP,productos/imagen-no-disponible.png,UNIDAD,1,8
74101580,MARLBORO ROJO PERSONAL,MARLBORO ROJO PERSONAL,productos/imagen-no-disponible.png,UNIDAD,1,6
74101597,MARLBORO BLANCO ORIGINAL PERSONAL,MARLBORO BLANCO PERSONAL,productos/imagen-no-disponible.png,UNIDAD,1,6
74102174,MARLBORO ROJO NORMAL,MARLBORO ROJO NORMAL,productos/imagen-no-disponible.png,UNIDAD,1,6
74102181,MARLBORO BLANCO ORIGINAL,MARLBORO BLANCO NORMAL,productos/imagen-no-disponible.png,UNIDAD,1,6
74102426,DIPLOMAT EVO NORMAL,DIPLOMAT EVO NORMAL,productos/imagen-no-disponible.png,UNIDAD,1,6
74102433,DIPLOMAT EVO PERSONAL,DIPLOMAT EVO PERSONAL,productos/imagen-no-disponible.png,UNIDAD,1,6
74102563,DIPLOMAT SIN MENTOL PERSONAL,DIPLOMAT SIN NORMAL,productos/imagen-no-disponible.png,UNIDAD,1,6
74102570,DIPLOMAT CON MENTOL PERSONAL,DIPLOMAT CON NORMAL,productos/imagen-no-disponible.png,UNIDAD,1,6
74104031,MARLBORO DOBLE CLIP FUSION BLAST NORMAL,MARLBORO DOBLE CLIP NORMAL,productos/imagen-no-disponible.png,UNIDAD,1,6
74104147,MARLBORO DOBLE CLIP PURPLE PERSONAL,MARBORO DOBLE CLIP PERSONAL,productos/imagen-no-disponible.png,UNIDAD,1,6
74105397,VIRO-GRIP am  Cont: 2 GEL CAPS,VIRO GRIP74105397,productos/imagen-no-disponible.png,,0,8
74105403,VIRO GRIP pm Cont: 2 GEL CAPS,VIRO GRIP GEL NOCHE,productos/imagen-no-disponible.png,UNIDAD,1,8
74105427,VIRO GRIP  am  LIMON 20g,VIRO GRIP TE,productos/imagen-no-disponible.png,UNIDAD,1,8
74105337,VIRO GRIP pm Cont. 20g,VIRO GRIP GEL DIA,productos/imagen-no-disponible.png,UNIDAD,1,8
74109654,DIPLOMAT SIN MENTOL NORMAL,DIPLOMAT SIN NORMAL,productos/imagen-no-disponible.png,UNIDAD,1,6
74109661,DIPLOMAT  CON MENTOL  NORMAL,DIPLOMAT CON NORMAL,productos/imagen-no-disponible.png,UNIDAD,1,6
7411000227022,JALISCO CHILE PICANTE 60ml,CHILE JALISCO,productos/imagen-no-disponible.png,UNIDAD,1,5
7411000300572,SABROSADOR CONTINENTAL POLLO 10g,CONSOME DE POLLO,productos/imagen-no-disponible.png,CAJA,60,5
7411000308516,SABROSADOR CONTINENTAL CAMARON 10g,CONSOME DE CAMARON,productos/imagen-no-disponible.png,CAJA,36,5
7411000312308,DETERGENTE RINSO RUTA DE FLORES 140g,RINSO PEQUEÑO,productos/imagen-no-disponible.png,UNIDAD,1,5
7411000320921,MARGARINA VEGETAL MIRASOL 80 g,MARGARINA MIRASOL,productos/imagen-no-disponible.png,CAJA,5,5
7411000326978,SABROSADOR CONTINENTAL CARNE 10g,CONSOME DE CARNE,productos/imagen-no-disponible.png,CAJA,64,5
7411000342466,MAIZENA FECULA DE MAIZ NATURAL 47g,MAIZENA SIMPLE,productos/imagen-no-disponible.png,UNIDAD,1,5
7411000343777,MAIZENA SABOR A FRESA 47g,MAIZENA DE FRESA,productos/imagen-no-disponible.png,UNIDAD,1,5
7411000343784,MAIZENA SABOR A VAINILLA 47g,MAIZENA DE VAINILLA,productos/imagen-no-disponible.png,UNIDAD,1,5
7411000343814,MAIZENA SABOR A MANZANA CANELA 47g,MAIZENA DE MANZANA CANELA,productos/imagen-no-disponible.png,UNIDAD,1,5
7411000344842,SALSA NATURAS DE QUESO 106g,SALSA NATURAS DE QUESO,productos/imagen-no-disponible.png,CAJA,12,5
7411000344859,SALSA NATURAS RANCHERA 106g,SALSA NATURAS RANCHERA,productos/imagen-no-disponible.png,CAJA,12,5
7411000345375,SOPA KNORR GALLINA CRIOLLA CON FIDEOS 54g,SOPA KNORR GALLINA CRIOLLA,productos/imagen-no-disponible.png,CAJA,12,5
7411000384978,DETERGENTE RINSO HORTENSIAS Y FLORES BLANCAS 140g,RINSO PEQUEÑO HORTENSIAS Y FLORES BLANCAS,productos/imagen-no-disponible.png,UNIDAD,1,5
7411000384992,DETERGENTE RINSO ROSAS Y LILAS 140g,RINSO PEQUEÑO ROSAS Y LILAS,productos/imagen-no-disponible.png,UNIDAD,1,5
7411000386170,DETERGENTE RINSO JAZMIN 140g,RINSO PEQUEÑO DE JMINAZ,productos/imagen-no-disponible.png,UNIDAD,1,5
7411000700570,PILSENER 330ml,PILSENER VIDRIO PEKEÑA,productos/imagen-no-disponible.png,CAJA,24,1
7411000700884,GOLDEN LATA 11Onz,GOLDEN LATA PEQUEÑA,productos/imagen-no-disponible.png,CAJA,24,1
7411000701362,PILSENER LATA 24Onz,PILSENER LATA GRANDE ,productos/imagen-no-disponible.png,DOCENA,12,1
7411000712146,PILSENER LATA 16Onz,PILSENER LATA MEDIANA,productos/imagen-no-disponible.png,CAJA,24,1
7411000721025,GOLDEN LATA 16Onz,GOLDEN LATA MEDIANA,productos/imagen-no-disponible.png,CAJA,24,1
7411000721025,YOGURT LIQUIDO FRESA 750ml,YOGURT DE FRESA ,productos/imagen-no-disponible.png,BOLSA,24,1
7411000733400,PILSENER LATA 11Onz,PILSENER LATA PEQUEÑA,productos/imagen-no-disponible.png,CAJA,24,1
7411001800231,COCA COLA LATA 354ml,COCA COLA LATA,productos/imagen-no-disponible.png,CAJA,24,1
7411001800439,COCA COLA PLASTICA 500ml,COCA COLA PLASTICA MEDIANA,productos/imagen-no-disponible.png,DOCENA,12,1
7411001800903,COCA COLA 2.5litros,COCA COLA 2.5,productos/imagen-no-disponible.png,FARDO,6,1
7411001801443,TROPICAL FANTA NARANJA 2.5litros,TROPICAL FANTA,productos/imagen-no-disponible.png,UNIDAD,1,1
7411001802068,JUGO DEL VALLE MANDARINA 500ml,JUGO DEL VALLE MANDARINA MEDIANO,productos/imagen-no-disponible.png,DOCENA,12,1
7411001802075,DEL VALLE MANDRINA 2.5litros,JUGO DEL VALLE MANDARINA GRANDE,productos/imagen-no-disponible.png,UNIDAD,1,1
74110018023441,COCA COLA PLASTICA 1.25litros,COCA COLA PLASTICA 1.25,productos/imagen-no-disponible.png,FARDOS,24,1
7411001802617,POWERADE AVALANCHA AZUL 500ml, POWER AZUL MEDIANO,productos/imagen-no-disponible.png,DOCENA,12,1
7411001802662,POWERADE AVALANCHA AZUL 300ml,POWER AZUL PEKEÑO,productos/imagen-no-disponible.png,CAJA,24,1
7411001803157,JUGO DEL VALLE MANDARINA 250ml,JUGO DEL VALLE MANDARINA PEQUEÑO,productos/imagen-no-disponible.png,DOCENA,12,1
7411001803164,JUGO DEL VALLE NARANJA 250ml,JUGO DEL VALLE NARANJA PEQUEÑO,productos/imagen-no-disponible.png,DOCENA,12,1
7411001803171,JUGO DEL VALLE LIMON 250ml,JUGO DEL VALLE LIMON PEQUEÑO,productos/imagen-no-disponible.png,DOCENA,12,1
7411001803287,POWERADE AVALANCHA AZUL 750ml,POWER AZUL GRANDE,productos/imagen-no-disponible.png,DOCENA,12,1
7411001820239,FANTA  NARANJA LATA 354ml,SODA FANTA EN LATA,productos/imagen-no-disponible.png,DOCENA,12,1
7411001820932,COCA COLA PLASTICA 300ml,COCA PLASTICA PEKEÑA,productos/imagen-no-disponible.png,DOCENA,12,1
7411001845232,FRESCA TORONJA LATA 354ml,SODA FRESCA LATA,productos/imagen-no-disponible.png,DOCENA,12,1
7411001870210,TROPICAL FRESA 2.5litros,TROPICAL FRESA 2.5,productos/imagen-no-disponible.png,UNIDAD,1,1
7411001870234,KINLEY LATA SODA SIMPLE 354 ml,SODA SIMPLE KINLEY LATA,productos/imagen-no-disponible.png,DOCENA,12,1
7411001880233,TROPICAL UVA LATA 354ml,SODA UVA LATA,productos/imagen-no-disponible.png,DOCENA,12,1
7411001880905,TROPICAL UVA 2.5litros,TROPICAL UVA 2.5,productos/imagen-no-disponible.png,UNIDAD,1,1
7411001881230,TROPICAL FRESA LATA 354ml,SODA TROPIKAL FRESA EN LATA,productos/imagen-no-disponible.png,DOCENA,12,1
74110088932,COCA COLA 3litros,COCA COLA 3 LITROS,productos/imagen-no-disponible.png,FARDO,4,1
7411029300010,CAFÉ COSCAFE 2g,CAFE COSCAFE SOBRE ,productos/imagen-no-disponible.png,CAJA,50,5
74111001830238,SPRITE LATA SABOR LIMA LIMON 354ml,SODA SPRITE LATA,productos/imagen-no-disponible.png,DOCENA,12,1
7411204843141,FRUTADO SABOR PERA 500ml,JUGO FRUTADO DE PERA,productos/imagen-no-disponible.png,UNIDAD,1,1
7411204845909,FRUTADO SABOR UVA 500ml,JUGO FEUTADO DE UVA,productos/imagen-no-disponible.png,UNIDAD,1,1
7411400800719,EL COQUITO SAL REFINADA YODADA 400g,SAL FINA,productos/imagen-no-disponible.png,AROBA,24,5
7411500000927,AZUCAR DEL CAÑAL 500g,AZUCAR DEL CAÑAL,productos/imagen-no-disponible.png,AROBA,24,5
7411500000989,AZUCAR CAÑAVERAL 500g,AZUCAR CAÑAVERAL,productos/imagen-no-disponible.png,AROBA,24,5
7411800416961,CAFÉ RIKO 2g,CAFE RIKO SOBRE,productos/imagen-no-disponible.png,CAJA,50,5
7412200703811,BOM BOM  AMERICANO GRANDE ,BOM BOM AMERICANO GRANDE,productos/imagen-no-disponible.png,BOLSA,24,2
7412900301058,LECHE ENTERA 437ml,LECHE ENTERA,productos/imagen-no-disponible.png,UNIDAD,1,1
7412900307975,CHOCOLATINA BEBIDA DE LECHE 200ml ,,,,0,1
7413100033053,ACEITE ORISOL CLASICO 750ml,ACEITE ORISOL GRANDE,productos/imagen-no-disponible.png,UNIDAD,1,5
7413100080118,ACEITE ORISOL CLASICO 75ml,ACEITE ORISOL  75ML,productos/imagen-no-disponible.png,UNIDAD,1,5
741310008125,ACEITE ORISOL CLASICO 175ml ,ACEITE ORISOL MEDIANO,productos/imagen-no-disponible.png,UNIDAD,1,5
7413100084215,ACEITE ORISOL CLASICO 443ml,ACEITE ORISOL 443ML,productos/imagen-no-disponible.png,UNIDAD,1,5
7413180900153,JUGO CASCADA NARANJA 355ml,JUGO CASCADA NARANJA,productos/imagen-no-disponible.png,FARDO,24,1
7413180900184,JUGO CASCADA NARANJA 1 LITRO,JUGO CASCADA NARANJA LITRO,productos/imagen-no-disponible.png,FARDO,12,1
74131809251170,JUGO CASCADA PIÑA COCO 355ml,JUGO CASCADA  PIÑA COCO,productos/imagen-no-disponible.png,FARDO,24,1
7413180925187,JUGO CASCADA PIÑA COCO  1 LITRO,JUGO CASCADA PIÑA COCO LITRO,productos/imagen-no-disponible.png,FARDO,12,1
7415603401131,SERVILLETA CUADRADA GIGANTE  100u,SERVILLETA GIGANTE,productos/imagen-no-disponible.png,FARDO,12,5
741560401308,PAPEL ALUMINIO 25 PIES CUADRADOS,,,,0,5
7415800230299,MIGASA 7.62 X 7.62 cm,MIGASA ,productos/imagen-no-disponible.png,UNIDAD,1,8
74200412,PALLMALL DOBLE CLIP VERDE NORMAL,PALLMALL  VERDE NORMAL,productos/imagen-no-disponible.png,UNIDAD,1,6
74200948,PALLMALL DELTA ROJO PERSONAL,PALLMALL DELTA ROJO PERSONAL,productos/imagen-no-disponible.png,UNIDAD,1,6
74201150,PALLMALL DOBLE CLIP VERDE PERSONAL,PALLMALL VERDE PERSONAL,productos/imagen-no-disponible.png,UNIDAD,1,6
74201167,PALLMALL DOBLE CLIP ROJO PERSONAL,PALLMALL ROJO PERSONAL,productos/imagen-no-disponible.png,UNIDAD,1,6
74202133,PALLMALL DOBLE CLIP ROJO NORMAL,PALLMALL ROJO NORMAL,productos/imagen-no-disponible.png,UNIDAD,1,6
74202515,PALLMALL DELTA ROJO ,PALLMALL DELTA ROJO NORMAL,productos/imagen-no-disponible.png,UNIDAD,1,6
7421000594673,PALLMALL IBIZA CLIP ROSADO PERSONAL,PALLMALL ROSADO PERSONAL,productos/imagen-no-disponible.png,UNIDAD,1,6
7421000594680,PALLMALL IBIZA CLIP ROSADO NORMAL,PALLMALL ROSADO NORMAL,productos/imagen-no-disponible.png,UNIDAD,1,6
7421001615391,JABON LIMPIOX CLASICO 115g,JABON LIMPIOX,productos/imagen-no-disponible.png,TIRA,12,5
7421001650026,LIMPIOX ALOE VERA 115g,LIMPIOX ALOE VERA,productos/imagen-no-disponible.png,TIRA,12,5
7421601105858,BEBIDA ENERGIZANTE AMP POWER 600ml,AMP ,productos/imagen-no-disponible.png,FARDO,12,1
7422110101195,JUGO DEL VALLE NARANJA 500ml,JUGO DEL VALLE NARANJA MEDIANO,productos/imagen-no-disponible.png,DOCENA,12,1
7441002606006,MACARELA EN SALSA DE TOMATE 160g,SARDINA DE TOMATE,productos/imagen-no-disponible.png,UNIDAD,1,5
7441002606013,MACARELA EN SALSA PICANTE 160g,SARDINA PICANTE,productos/imagen-no-disponible.png,UNIDAD,1,5
7441003500006,COCA COLA VIDRIO PEQUEÑA 192ml ,COCA COLA VIDRIO PEQUEÑA,productos/imagen-no-disponible.png,CAJA,24,1
7441003500204,COCA COLA VIDRIO NORMAL354ml,COCA COLA VIDRIO NORMAL,productos/imagen-no-disponible.png,CAJA,24,1
7441008126751,PAPEL HIGIENICO SCOTT PLUS,PAPEL HIGIENICO SCOTT UNITARIO,productos/imagen-no-disponible.png,FARDO,24,5
7441008168188,PAPEL HIGIENICO SCOTT DOBLE HIGIENE,PAPEL DOBLE HIGIENE,productos/imagen-no-disponible.png,FARDO,12,5
7441008169123,HUGGIES CLASSIC TALLA M,PAMPER TALLA M,productos/imagen-no-disponible.png,PAQUETE,5,5
7441008169130,HUGGIES CLASSIC TALLA G,PAMPER TALLA G,productos/imagen-no-disponible.png,PAQUETE,5,5
7441008169147,HUGGIES CLASSIC TALLA XG,PAMPER TALLA XG,productos/imagen-no-disponible.png,PAQUETE,5,5
7441008173588,PAPEL HIGIENICO SCOTT MAXIROLLO ,SCOTT MAXIROLLO,productos/imagen-no-disponible.png,FARDO,24,5
7441029500424,PAN TOSTADO CLASICO 30g,PAN TOSTADO,productos/imagen-no-disponible.png,DOCENA,12,3
74410295007,CHOCO CHISPAS 37g,,,,0,3
7441029504613,PRINCIPE CON RELLENO SABOR A CHOCOLATE 106g,PRINCIPE DE CHOCOLATE,productos/imagen-no-disponible.png,UNIDAD,1,3
7441029506181,PRINCIPE CON RELLENO CHOCOLATE BLANCO 85g,GALLETA PRINCIPE BLANCO,productos/imagen-no-disponible.png,UNIDAD,1,3
7441029515268,PRINCIPE CON RELLENO SABOR MOUSSE DE LIMON 85g,GALLETA PRINCIPE DE LIMON,productos/imagen-no-disponible.png,UNIDAD,1,3
7441029515961,PAN DULCE NITO 39g,PAN DULCE NITO,productos/imagen-no-disponible.png,DOCENA,12,3
7441029516692,PRINCIPE WAFER SABOR CHOCOLATE 60g,GALLETA PRINCIPE CHOCOLATE,productos/imagen-no-disponible.png,UNIDAD,1,3
7441029516708,PRINCIPE WAFER SABOR A FRESA 60g,GALLETA PRINCIPE WAFER FRESA,productos/imagen-no-disponible.png,UNIDAD,1,3
7441029516715,PRINCIPE WAFER SABOR A VAINILLA 60g,GALLETA PRINCIPE WAFER DE VAINILLA,productos/imagen-no-disponible.png,UNIDAD,1,3
7441029516951,SPONCH SABOR A CHOCOLATE 90g,SPONCH DE CHOCOLATE,productos/imagen-no-disponible.png,DOCENA,12,3
7441029517002,MINI BARRITA SABOR PIÑA 104g,,,,0,3
7441029517149,MINI BARRITA SABOR FRESA 104g,,,,0,3
7441029519549,CANELITAS SABOR A CHOCOLATE,,,,0,3
74410572632209,SABA CLASICA SIN ALAS CONT.12u,SABA CLASICA  SIN ALAS,productos/imagen-no-disponible.png,UNIDAD,1,5
7441057267085,SABA CLASICA CON ALAS CONT.10u,SABA CLASICA CON ALAS,productos/imagen-no-disponible.png,UNIDAD,1,5
7445072000283,SODA BIG COLA 360ml,SODA BIG COLA NEGRA,productos/imagen-no-disponible.png,FARDO,24,1
7445072006186,RASPABERRY VOLT GO 360ml,,,,0,1
7445072006193,CIFRUT FRUIT PUNCH 625ml,CRIFRUT FRUIT PUNCH,productos/imagen-no-disponible.png,DOCENA,12,1
7445072006209,JUGO CIFRUT SANDIA 1.3  LITROS,JUGO CIFRUT SANDIA 1.3 LITROS,productos/imagen-no-disponible.png,FARDO,6,1
7445072006445,SODA BIG LIMA LIMON 360ml,SODA BIG DE LIMA LIMON,productos/imagen-no-disponible.png,FARDO,24,1
7445072006452,SODA BIG ROJA 360ml,SODA BIG FRESA,productos/imagen-no-disponible.png,FARDO,24,1
7445072006469,SODA BIG NARANJA 360ml,SODA BIG NARANJA,productos/imagen-no-disponible.png,FARDO,24,1
74875005441,MANI CON LIMON 17g,MANI CON LIMON,productos/imagen-no-disponible.png,TIRA,12,2
748757000590,TOZTECA ORIGINALES 23g,TOSTECA ROJA,productos/imagen-no-disponible.png,TIRA,12,2
748757001559,ELOTITOS VALIENTES 22g,ELOTITO VALIENTE,productos/imagen-no-disponible.png,TIRA,12,2
748757001603,PALITOS CHILE LIMON 24g,PALITOS CHILE LIMON,productos/imagen-no-disponible.png,TIRA,24,2
748757002211,TOZTECA TNT 23g,TOZTECA VERDE,productos/imagen-no-disponible.png,TIRA,12,2
748757002402,CENTAVITO CON QUESO 13g,CENTAVITO QUESO,productos/imagen-no-disponible.png,TIRA,12,2
748757002426,CENTAVITO CON PIQUETE 13g,CENTAVITO CON PIQUETE,productos/imagen-no-disponible.png,TIRA,12,2
748757002602,JALAPEÑOS 20g,JALAPEÑOS,productos/imagen-no-disponible.png,TIRA,12,2
748757002624,NACHOS 20g,BUENA CACHOS,productos/imagen-no-disponible.png,TIRA,12,2
748757002709,ELOTITOS CON PIQUETE 22g,ELOTITO CON PIQUETE,productos/imagen-no-disponible.png,TIRA,12,2
748757002952,JALAPEÑOS QUESI POPPER 20g,JALAPEÑOS QUESI POPPER,productos/imagen-no-disponible.png,TIRA,12,2
748757003065,PLATANITO 14g,PLATANITO,productos/imagen-no-disponible.png,TIRA,12,2
748757004772,CHURRITOS 12g,CHURRITOS,productos/imagen-no-disponible.png,TIRA,12,2
748757004789,TOCINITO 15g,TOCINITO,productos/imagen-no-disponible.png,TIRA,12,2
748757004796,MAIZ CHINO PICANTE 15g,MAIZ CHINO PICANTE,productos/imagen-no-disponible.png,TIRA,12,2
748757004802,QUESITO 17g,QUESITOS,productos/imagen-no-disponible.png,TIRA,12,2
748757004840,PALITOS CON BARBACOA 24g,PALITOS CON BARBARCOA,productos/imagen-no-disponible.png,TIRA,12,2
748757004857,ELOTITOS SABOR BARBACOA 22g,ELOTITOS CON BARBACOA,productos/imagen-no-disponible.png,TIRA,12,2
748757004864,ELOTITOS CON LIMON 22g,ELOTITOS CON LIMON,productos/imagen-no-disponible.png,TIRA,12,2
748757004932,ALBOROTO 23g,ALBOROTO,productos/imagen-no-disponible.png,TIRA,12,2
748757004956,CANDY MAIZ 18g,CANDY MAIZ,productos/imagen-no-disponible.png,TIRA,12,2
748757005014,POPOTITOS 10g,POPOTITOS,productos/imagen-no-disponible.png,TIRA,12,2
748757005120,PACHANGA MIX 12g,PACHANGA MIX,productos/imagen-no-disponible.png,TIRA,12,2
748757005420,MANI JAPONES 23g,MANI JAPONES,productos/imagen-no-disponible.png,TIRA,12,2
748757005434,MANI CON PIQUETE 17g,MANI CON PIQUETE,productos/imagen-no-disponible.png,TIRA,12,2
748757005793,GOMITAS 20g,GOMITAS DIANA,productos/imagen-no-disponible.png,TIRA,12,2
748757005823,BABY 21g,BABY,productos/imagen-no-disponible.png,TIRA,12,2
748757005892,CEREZA 23g,CEREZA DIANA,productos/imagen-no-disponible.png,TIRA,12,2
748757007667,ACIFRUTA SABOR NARANJA 34g,DULCE ACIFRUTA NARANJA,productos/imagen-no-disponible.png,UNIDAD,1,4
748757007681,ACIFRUTA SABOR A MENTA,DULCE ACIFRUTA MENTA,productos/imagen-no-disponible.png,UNIDAD,1,4
748757008688,KORCHIPS CON QUESO 20g,KORCHIPSCON QUES,productos/imagen-no-disponible.png,TIRA,12,2
748757008725,GALLETA PICNIC FRESA  20g,GALLETA PICNIC FRESA,productos/imagen-no-disponible.png,PAQUETE,24,2
748757008749,GALLETA PICNIC VAINILLA 20g,GALLETA PICNIC VAINILLA,productos/imagen-no-disponible.png,PAQUETE,24,2
748757008909,KORCHIPS CON CHILE 20g,KORCHIPS CON CHILE,productos/imagen-no-disponible.png,TIRA,12,2
748757008916,KORCHIPS CON LIMON 20g,KORCHIPS CON LIMON,productos/imagen-no-disponible.png,TIRA,12,2
748757008923,YUCA 20g,YUCA DIANA,productos/imagen-no-disponible.png,TIRA,12,2
748757008930,YUCATEKAS CON VINAGRE Y CHILE PICANTE 20g ,YUCATECAKAS CON VINAGRE,productos/imagen-no-disponible.png,TIRA,12,2
748757009234,TOZTECA PIZZA 23g,TOZTECA PIZZA,productos/imagen-no-disponible.png,TIRA,12,2
748757009319,GALLETA PICNIC CHOCOLATE 20g,GALLETA PICNIC CHOCOLATE,productos/imagen-no-disponible.png,PAQUETE,24,2
7500443003260,NIKOLO COOKIES Y CREAM 21g,CHOCOLATE NIKOLO COOKIES Y CREAM,productos/imagen-no-disponible.png,CAJA,30,4
7500478001200,CHOKIS MIX 93g,GALLETA CHOKIS MIX,productos/imagen-no-disponible.png,UNIDAD,1,3
7500478002344,CHOKIS BLACK 63g,GALLETA CHOKIS BLACK,productos/imagen-no-disponible.png,UNIDAD,1,3
7500478008773,CHOKIS CLASICA 28.5g,GALLETA CHOKIS CLASICA PEQUEÑA,productos/imagen-no-disponible.png,UNIDAD,1,3
7500478008926,CHOKIS CLASICA 57g,GALLETA CHOKIS CLASICA MEDIANA ,productos/imagen-no-disponible.png,UNIDAD,1,3
7501000601738,FLORENTINAS SABOR FRESA 83g,GALLETA FLORENTINA DE FRESA,productos/imagen-no-disponible.png,UNIDAD,1,3
7501000603862,ARCOIRIS 28.4g,GALLETA ARCOIRIS PEQUEÑA,productos/imagen-no-disponible.png,UNIDAD,1,3
7501000604685,CHOKIS RELLENA 90g,GALLETA CHOKIS RELLENA,productos/imagen-no-disponible.png,UNIDAD,1,3
7501000614547,CREMAX SABOR FRESA 68g,GALLETA CREMAX DE FRESA,productos/imagen-no-disponible.png,UNIDAD,1,3
7501000621040,EMPERADOR SABOR CHOCOLATE 81g,GALLETA  EMPERADOR DE CHOCOLATE,productos/imagen-no-disponible.png,UNIDAD,1,3
7501000621170,EMPERADOR SABOR VAINILLA 81g,GALLETA EMPERADOR DE VAINILLA,productos/imagen-no-disponible.png,UNIDAD,1,3
7501000634125,GALLETAS DE AVENA MANZANA CANELA 38g,GALLETA DE AVENA MANZANA CANELA,productos/imagen-no-disponible.png,UNIDAD,1,3
7501000634132,GALLETAS DE AVENA FRUTOS ROJOS 38g,GALLETA DE AVENA FRUTOS ROJOS,productos/imagen-no-disponible.png,UNIDAD,1,3
7501000635726,ARCOIRIS 75g,GALLETA ARCOIRIS MEDIANA,productos/imagen-no-disponible.png,UNIDAD,1,3
7501000644261,CREMAX SABOR VAINILLA 68g,GALLETA CREMAX DE VAINILLA,productos/imagen-no-disponible.png,UNIDAD,1,3
7501000910779,GERBER DE MANZANA 100g,GERBER DE MANZANA,productos/imagen-no-disponible.png,UNIDAD,1,5
7501000910786,GERBER DE PERA 100g,GERBER DE PERA,productos/imagen-no-disponible.png,UNIDAD,1,5
7501000910793,GERBER DE BANANO 100g,GERBER DE BANANO,productos/imagen-no-disponible.png,UNIDAD,1,5
7501001244248,HEAD & SHOULDER PROTECCION CAIDA CON CAFEINA 10ml,SHAMPOO HEAD SHOULDER CAFE,productos/imagen-no-disponible.png,TIRA,24,5
7501009222729,PRESTOBARBA ULTRA GRIP ,PRESTOBARBA GILLETLE AZUL,productos/imagen-no-disponible.png,DOCENA,12,5
7501019006623,SABA BUENAS NOCHES CON ALAS CONT.8u,SABA BUENAS NOCHES CON ALA,productos/imagen-no-disponible.png,UNIDAD,1,5
75010478,PRESTOBARBA PERMA SHARP ,PRESTOBARBA AMARILLA,productos/imagen-no-disponible.png,DOCENA,12,5
7501056336950,SEDAL CERAMIDAS 10ml,SHAMPOO SEDAL CERAMIDAS ROSADO,productos/imagen-no-disponible.png,TIRA,24,5
7501056340063,SEDAL CREMA PARA PEINAR LISO PERFECTO 10ml,CREMA SEDAL MORADA,productos/imagen-no-disponible.png,TIRA,24,5
7501056340261,SEDAL CREMA PARA PEINAR RIZOS DEFINIDOS 10ml,CREMA SEDAL VERDE,productos/imagen-no-disponible.png,TIRA,24,5
75019907,CLORETS SABOR A MENTA 2.8g,CLOREST VERDE,productos/imagen-no-disponible.png,CAJA,60,2
75020460,CLORETS SABOR A FRESHMINT 2.8g,CLOREST AZUL,productos/imagen-no-disponible.png,CAJA,120,2
7502230945517,NIKOLO CACAHUATE 21g,CHOCOLATE NIKOLO CACAHUATE,productos/imagen-no-disponible.png,CAJA,30,4
7502230950153,BON O BON SNACK 24g,GALLETA CHOCOLATE BARRA SNACK,productos/imagen-no-disponible.png,CAJA,24,4
75022330948549,BON O BON BARRA 48g,BARRA BON O BON,productos/imagen-no-disponible.png,CAJA,12,4
75024635,CHOCOLATE CREMINO BICOLOR 0.63oz.,CHOCOLATE CREMINO,productos/imagen-no-disponible.png,CAJA,12,2
75024697,NUCITA TRI SABOR 8g,NUCITA TRI SABOR,productos/imagen-no-disponible.png,CAJA,12,2
75026165,SAPITO FRESA 10g,CHOCOLATE SAPITO FRESA,productos/imagen-no-disponible.png,CAJA,20,4
75027971,BON O BON 15g,CHOCOLATE BON O BON,productos/imagen-no-disponible.png,CAJA,30,4
75027988,BON O BON BLANCO 15g,CHOCOLATE BON O BON BLANCO,productos/imagen-no-disponible.png,CAJA,30,4
75031022,BON O BON COCO 15g,CHOCOLATE BON O BON COCO,productos/imagen-no-disponible.png,CAJA,30,4
75031251,BON O BON CHOCOLATE 15g,CHOCOLATEBON BON CHOCOLATE ,productos/imagen-no-disponible.png,CAJA,30,4
75036690,SAPITO CREMA 13g,CHOCOLATE SAPITPO CREMA,productos/imagen-no-disponible.png,CAJA,20,4
75043452,POOSH FLAVOR STRAWBERRY4 g,CHICLE POOSH STRAWBERY,productos/imagen-no-disponible.png,CAJA,40,4
75043469,POOSH MINT 4g,CHICLE POOSH MINT,productos/imagen-no-disponible.png,CAJA,40,4
75043476,POOSH WATERMELON 4g,CHICLE POOSH WATERMELON,productos/imagen-no-disponible.png,CAJA,40,4
75043483,POOSH FLAVOR BANANA 4g,,,,0,4
75043490,POOSH TUTTY FRUTTI 4g,CHICLE POOSH TUTTY FRUTTI,productos/imagen-no-disponible.png,CAJA,40,4
75043506,POOSH PINTALENGUA BLUEBERRY 4g,,,,0,4
75045654,TRIDENT SABOR ARTIFICIAL A FRESA 5.2g,CHICLE TRIDENT FRESA,productos/imagen-no-disponible.png,UNIDAD,1,2
750456616,TRIDENT SABOR ARTIFICIAL YERBABUENA 5.2g,CHICLE TRIDENT YERVABUENA,productos/imagen-no-disponible.png,UNIDAD,1,2
75045685,TRIDENT SABOR ARTIFICIAL A MORA AZUL 5.2g,CHICLE TRIDENT MORA AZUL,productos/imagen-no-disponible.png,UNIDAD,1,2
75050368,BON O BON CREMA SPREAD 13g ,BON O BON CREMA SPREAD,productos/imagen-no-disponible.png,CAJA,18,4
75051938,BUBBALOO FRESA 55g,CHICLE BUBBALOO FRESA,productos/imagen-no-disponible.png,UNIDAD,1,2
75051945,BUBBALOO GOL TUTTI FRUTTI 55.5g,CHICLE BUBBALOO TUTTI FRUTTI,productos/imagen-no-disponible.png,UNIDAD,1,2
75051952,BUBBALOO GOL MENTA 55g,CHICLE BUBBALOO MENTA,productos/imagen-no-disponible.png,UNIDAD,1,2
75053062331195,SEDAL KERATINA CON ANTIOXIDANTE 10ml,SHAMPOO SEDAL  ROJO CON KERATINA,productos/imagen-no-disponible.png,TIRA,24,5
75057916,BON O BON COOKIES & CREAM 15g,CHOCOLATE BON O BON COOKIES & CREAM,productos/imagen-no-disponible.png,CAJA,30,4
7506192505055,GEL EGO URBAN 200ml,GEL EGO BOTE URBAN,productos/imagen-no-disponible.png,UNIDAD,1,5
7506192505406,GEL EGO POWER 200ml,GEL EGO BOTE POWER,productos/imagen-no-disponible.png,UNIDAD,1,5
7506192505413,GEL FOR MEN EGO POWER  15ml,GEL EGO SOBRE  FOR MEN,productos/imagen-no-disponible.png,TIRA,24,5
7506192506212,GEL EGO ATTRACTION 200ml,GEL EGO BOTE ATTRACTION,productos/imagen-no-disponible.png,UNIDAD,1,5
7506195142073,HEAD & SHOULDER CONTROL COMEZON 10ml ,SHAMMPOO & HEAD SHOULDER CONTROL COMEZON,productos/imagen-no-disponible.png,TIRA,24,5
7506195163702,LEGIA MAGIA BLANCA 200ml,LEGIA MAGIA BLANCA,productos/imagen-no-disponible.png,DOCENA,12,5
75062781,BON O BON MOUSSE LIMAO 15g,CHOCOLATE BON O BON DE LIMON,productos/imagen-no-disponible.png,CAJA,30,4
75062781,BON O BON CAJETA 15g,CHOCOLATE BON BON CAJETA,productos/imagen-no-disponible.png,CAJA,18,4
7506295326458,PANTENE PRO-V CON ACONDICIONADOR, SHAMPOO PANTENE ROJA RISOS,productos/imagen-no-disponible.png,TIURA,24,5
7506295379102,PANTENE CREMA PARA PEINAR LISO EXTREMO 10ml,CREMA PANTENE VERDE LISO,productos/imagen-no-disponible.png,TIRA,24,5
7506295379119,PANTENE CREMA PARA PEINAR RIZOS DEFINIDOS 10ml,CREMA  PANTENE ROJA RIZOS,productos/imagen-no-disponible.png,TIRA,24,5
7506306208193,DOVE RECONSTRUCCION COMPLETA 10ml,SHAMPOO DOVE RECONSTRUCCION ,productos/imagen-no-disponible.png,TIRA,24,5
7506306233225,SEDAL CREMA PARA PEINAR KERATINA CON ANTIOXIDANTE 10ml,CREMA SEDAL ROJA CON KERATINA,productos/imagen-no-disponible.png,TIRA,24,5
75067533,ALKA ICE CAFÉ 3.07g,DULCE ALKA ICE DE CAFE,productos/imagen-no-disponible.png,UNIDAD,1,4
750894600496,POP CORN QUESO 25g,GOLOSINA  POP CORN QUESO,productos/imagen-no-disponible.png,TIRA,12,2
750894601233,TAQUERITOS EXTREMOS QUESO FUSION 36g,TAKERITO CON QUESO,productos/imagen-no-disponible.png,TIRA,12,2
750894601240,TAQUERITOS EXTREMOS CHILE TOREADO 36g,TAKERITO CON CHILE,productos/imagen-no-disponible.png,TIRA,12,2
750894601271,ZAMBOS PICOSITAS 19g,ZAMBOS PICOZOS,productos/imagen-no-disponible.png,TIRA,12,2
750894601318,RANCHITAS NACHO QUESO 19g,RANCHITA CON QUESO,productos/imagen-no-disponible.png,TIRA,12,2
750894601325,RANCHITAS NACHO EXITANTE 19g,RANCHITAS NACHO EXITANTE,productos/imagen-no-disponible.png,TIRA,12,2
750894601349,RANCHITAS NACHOS PIZZA 10g,RANCHITA NACHO PIZZA,productos/imagen-no-disponible.png,TIRA,12,2
750894601578,ZIBAS QUESO 23g,ZIBAS  ANARANJADA,productos/imagen-no-disponible.png,TIRA,12,2
750894601585,ZIBAS CREMA Y ESPECIAS 23g,ZIBAS VERDE,productos/imagen-no-disponible.png,TIRA,12,2
750894602735,RANCHITAS NACHO EXTREMO 10g,RANCHITA NACHO EXTREMO,productos/imagen-no-disponible.png,TIRA,12,2
75089460379,RANCHITAS NATURALES 38g,RANCHITA NATURAL,productos/imagen-no-disponible.png,TIRA,12,2
750894604814,RANCHITAS NACHO FRIJOLERO 10g,RANCHITA NACHO FRIJOLERO,productos/imagen-no-disponible.png,TIRA,12,2
750894606672,CAPPY INFLADITOS QUESO Y MANTEQUILLA 12g,CAPPY INFLADITOS QUESO MANTEQUILLA,productos/imagen-no-disponible.png,TIRA,12,2
750894608195,ZIBAS ANILLLITOS DE PAPAS 14g,ZIBAS ANILLITOS DE PAPA,productos/imagen-no-disponible.png,TIRA,12,2
750894609161,ZIBAS CLASICAS 23g,ZIBAS AMARILLA,productos/imagen-no-disponible.png,TIRA,12,2
750894609741,ZIBAS MIEL MOSTAZA,ZIBAS CELESTE,productos/imagen-no-disponible.png,TIRA,12,2
750894611126,RANCHITAS QUESO ARDIENTE 10g,RANCHITA QUESO ARDIENTE,productos/imagen-no-disponible.png,TIRA,12,2
750894611546,TAQUERITOS EXTREMOS GUACAMOLE PICOSO 36g,TAKERITO CON GUACAMOLE PICOSO,productos/imagen-no-disponible.png,TIRA,12,2
7509546000985,PASTA DENTAL COLGATE TRIPLE ACCION 75ml,PASTA DENTAL TRIPLE ACCION COLGATE,productos/imagen-no-disponible.png,UNIDAD,1,5
7509546009179,PASTA DENTAL COLGATE MAXIMA PROTECCION 75ml,PASTA DEAXNTAL MAXIMA PROTECCION COLGATE,productos/imagen-no-disponible.png,UNIDAD,1,5
7509546030258,LADY SPEED STICK 20g,,,,0,5
7509546064635,SPEED STICK 20g,,,,0,5
7509546075495,JABON PALMOLIVE FUSION NUTRITIVA 100g,JABON DE BAÑO PALMOLIVE FUSION NUTRITIVA,productos/imagen-no-disponible.png,UNIDAD,1,5
7509546075549,JABON PALMOLIVE TONO PERFECTO 100g,JABON DE BAÑO PALMOLIVE TONO PERFECTO,productos/imagen-no-disponible.png,UNIDAD,1,5
7511000341339,SABROSADOR CONTINENTAL COSTILLA 10g,CONSOME DE COSTILLA,productos/imagen-no-disponible.png,CAJA,36,5
75401090800168,PALETA CREMOSA NARANJA 70g,PALETA CREMOSA NARANJA,productos/imagen-no-disponible.png,CAJA,30,7
7545072000887,SODA BIG UVA 360ml,SODA BIG UVA,productos/imagen-no-disponible.png,FARDO,24,1
756956001072,BOTONETAS 13g,BOTONETAS,productos/imagen-no-disponible.png,TIRA,24,4
756956001645,BEST CON CREMA DE MANI 22g,GALLETA BEST ,productos/imagen-no-disponible.png,TIRA,12,2
7590002008904,HEAD & SHOULDER SUAVE Y MANEGABLE 10ml,SHAMPOO HEAD SHOULDER ROSADO,productos/imagen-no-disponible.png,TIRA,24,5
7590011251100,GALLETA ORIGINAL OREO 36g,GALLETA OREO,productos/imagen-no-disponible.png,PAQUETE,12,2
759094074120,TROPI KUHL SABOR FRESA 10g,FRESCO EN POLVO TROPI KUHL FRESA,productos/imagen-no-disponible.png,UNIDAD,1,5
759094074229,TROPI KUHL SABOR NARANJA 10g,FRESCO TROPI KUHL NARANJA,productos/imagen-no-disponible.png,UNIDAD,1,5
759094074328,TROPI KUHL SABOR UVA 10g,FRESCO TROPI KUHL UVA ,productos/imagen-no-disponible.png,UNIDAD,1,5
759094074427, TROPI KUHL SABOR TROPICAL PUNCH 10g,FRESCO EN POLVO TROPI KUHL PUNCH,productos/imagen-no-disponible.png,UNIDAD,1,5
759094074526,TROPI KUHL SABOR DURAZNO 10g,FRESCO EN POLVO TROPI KUHL DURAZNO,productos/imagen-no-disponible.png,UNIDAD,1,5
759894609734,YUM MIX TROPICAL 31g,YUM MIX VERDE ,productos/imagen-no-disponible.png,TIRA,12,2
7613034937445,NESCAFE LISTO 1.8g,CAFE LISTO SOBRE,productos/imagen-no-disponible.png,CAJA,60,5
7613035371354,SOPA MAGGI POLLO CON FIDEOS 28.5g,SOPA MAGGI PEKEÑA,productos/imagen-no-disponible.png,CAJA,12,5
7613035396203,SOPA MAGGI POLLO CON  FIDEOS 57g,SOPA MAGGI GRANDE,productos/imagen-no-disponible.png,CAJA,12,5
7613036109550,CAFÉ MUSUN 1.8g,CAFE MUSUN SOBRE,productos/imagen-no-disponible.png,CAJA,66,5
7622210385116,TANG SABOR A GUANABA 20g,FRESCO TANG DE GUANABA,productos/imagen-no-disponible.png,UNIDAD,1,5
7622210863253,TANG SABOR A FRESA 20g,FRESCO TANG DE FRESA,productos/imagen-no-disponible.png,UNIDAD,1,5
7622210863416,TANG SABOR A MARACUYA 20g,FRESCO TANG DE MARACUYA,productos/imagen-no-disponible.png,UNIDAD,1,5
7622210863652,TANGB SABOR A TE LIMON 20g,FRESCO TANG TE LIMON,productos/imagen-no-disponible.png,UNIDAD,1,5
7622210864116,TANG SABOR A NARANJA  20g,FRESCO TANG NARANJA,productos/imagen-no-disponible.png,UNIDAD,1,5
7622210864680,TANG SABOR A UVA 20g,FRESCO TANG DE UVA,productos/imagen-no-disponible.png,UNIDAD,1,5
764246145146,PLATOS DIP SA # 9,PLATOS #9,productos/imagen-no-disponible.png,PAQUETE,25,5
7702010470448,LADY SPEED STICK CREMA 10g,,,,0,5
7702081004009,FOCO PHILIPS DE 60W 830ml,FOCO PHILIPS 60W,productos/imagen-no-disponible.png,UNIDAD,1,5
7702081007000,FOCO PHILIPS DE 100W 1560ml,FOCO PHILIPS 100W,productos/imagen-no-disponible.png,UNIDAD,1,5
7702136645003,CURE BAND VENDITAS ,CURITAS,productos/imagen-no-disponible.png,CAJA,100,8
7790040613607,BON O BON ALFAJOR BLANCO 40g,ALFAJOR BLANCO,productos/imagen-no-disponible.png,UNIDAD,1,4
7790040613706,BON O BON ALFAJOR 40g,ALFAJOR CHOCOLATE,productos/imagen-no-disponible.png,UNIDAD,1,4
7790580199913,MOGUL OSITOS  BEARS 30g,GOMITAS OSITOS,productos/imagen-no-disponible.png,CAJA,12,4
7790580200114,MOGUL TIBURONCITOS SHARKS 30g,GOMITAS TIBURUNCITO,productos/imagen-no-disponible.png,CAJA,12,4
7790580230111,MOGUL VIBORITAS SNAKES 30g ,,,,0,4
7790580602000,MOGUL FRUTALES 35g,,,,0,4
7790580617813,MOGUL PIECITOS FEET 30g,GOMITAS PIECITOS,productos/imagen-no-disponible.png,CAJA,12,4
7790580703608,BUTTRER TOFFEESS CHOCOLATE ,DULCE TOFFEESS CHOCOLATE,productos/imagen-no-disponible.png,BOLSA,144,4
77922656,MENTOPLUS CEREZA 30.6g,MENTOL PLUS CEREZA,productos/imagen-no-disponible.png,CAJA,12,4
77922663,MENTOPLUS MENTOL Y EUCALPITO 30.6g,MENTOL PLUS EUCALIPTO,productos/imagen-no-disponible.png,CAJA,12,4
77922670,MENTOPLUS 30.6g,MENTOL PLUS,productos/imagen-no-disponible.png,CAJA,12,4
77922687,MENTOPLUS MIEL 30.6g,,,,0,4
77922694,MENTOPLUS MENTA 30.6Gg,MENTOL PLUS MENTA,productos/imagen-no-disponible.png,CAJA,12,4
78011847,SAPITO CACAHUATE 10g,CHOCOLATE SAPITO CACAHUATE,productos/imagen-no-disponible.png,CAJA,20,4
78011854,SAPITO CAJETA 10g,CHOCOLATE SAPITO CAJETA,productos/imagen-no-disponible.png,CAJA,20,4
78011861,SAPITO CHISPAS DE COLORES 10g,CHOCOLATE SAPITO CHISPA DE COLORES,productos/imagen-no-disponible.png,CAJA,20,4
7802225427197,ROCKLETS MANI 35g,CHOCOLATE ROCKLETS MANI,productos/imagen-no-disponible.png,UNIDAD,1,4
7802225427210,ROCKLETS CHOCOLATE 35g,ROCKLETS CHOCOLATE,productos/imagen-no-disponible.png,UNIDAD,1,4
7802225573733,BON O BON OBLEA 27g,BON O BON OLEA,productos/imagen-no-disponible.png,CAJA,10,4
7802225589109,GOLPE 27g ,,,,0,4
786273011553,AGUA CRISTAL  600ml,AGUA BOTELLA CRISTAL MEDIANA,productos/imagen-no-disponible.png,DOCENA,12,1
786273040478,AGUA CRISTAL 12Onz,AGUA BOTELLA CRISTAL PEQUEÑA,productos/imagen-no-disponible.png,CAJA,24,1
786273040515,DEL VALLE NARANJA 2.5litros,JUGO DEL VALLE NARANJA GRANDE,productos/imagen-no-disponible.png,UNIDAD,1,1
786873011560,AGUA CRISTAL 1 LITRO,AGUA BOTELLA CRISTAL GRANDE,productos/imagen-no-disponible.png,DOCENA,12,1
787003001295,YOGURT YES FRESA 115g,,,,0,1
787003600184,YOGURT YES BANANO FRESA 212g,,,,0,1
789113318,BON O BON CAFÉ  15g,BON O BON CAFE,productos/imagen-no-disponible.png,CAJA,15,4
842015000121,CREMA REVIVA TROPICAL 235ml,CREMA PARA CABELLO  REVIVA TROPICAL,productos/imagen-no-disponible.png,UNIDAD,1,5
842015000268,CREMA REVIVA MUSK 235ml,CREMA PARA CABELLO REVIVA MUSK,productos/imagen-no-disponible.png,UNIDAD,1,5
842015000275,CREMA REVIVAORIGINAL 235ml,CREMA PARA CABELLO REVIVA ORIGINAL,productos/imagen-no-disponible.png,UNIDAD,1,5
8420150003676,GEL REVIVA COOL 485g,GEL REVIVA COOL,productos/imagen-no-disponible.png,UNIDAD,1,5
842015000398,GEL REVIVA CITRUS 485g,GEL REVIVA CITRUS,productos/imagen-no-disponible.png,UNIDAD,1,5
8420150004048,GEL REVIVA FIRE 485g,GEL REVIVA FIRE,productos/imagen-no-disponible.png,UNIDAD,1,5
8420150008008,GEL REVIVA TROPICAL 16onz.,GEL REVIVA TROPICAL,productos/imagen-no-disponible.png,UNIDAD,1,5
8420150008176,GEL REVIVA SPORT 16onz,GEL REVIVA SPORT,productos/imagen-no-disponible.png,UNIDAD,1,5
8809058410135,HISOPOS CHICO COTTON,HISOPOS ,productos/imagen-no-disponible.png,PAQUETE,80,5
8998899001753,AUTAN ESPIRAL VERDE 12.0g c/u,AUTAN VERDE,productos/imagen-no-disponible.png,CAJA,10,5
89988999001760,AUTAN ESPIRAL  LAVANDA 12.0g  c/u,AUTAN MORADO,productos/imagen-no-disponible.png,CAJA,10,5
36731393715,GATORADE SABOR LIMA LIMON 600ml,GATORADE LIMA LIMON MEDIANO,productos/imagen-no-disponible.png,CAJA,24,1
P00000001,CUBITO MAGGI 4g,CUBITO MAGGI,productos/imagen-no-disponible.png,BOLSA,50,5
P00000002,SAL MOLIDA Y YODADA SALADITA 300ml,SAL GRUESA,productos/imagen-no-disponible.png,AROBA,24,5
P00000003,PILAS RAYOVAL TRIPLE AAA ,PILAS RAYOVAL AAA,productos/imagen-no-disponible.png,TIRA,10,5
P00000004,PILAS RAYOVAL DOBLE AA ,PILAS RAYOVAL AA,productos/imagen-no-disponible.png,TIRA,10,5
P00000005,PILA RAYOVAC GRANDE,PILAS RAYOVAL GRANDE,productos/imagen-no-disponible.png,PAQUETE,12,5
P00000006,ACEITE BABY OIL,ACEITE PARA BEBE,productos/imagen-no-disponible.png,DOCENA,12,5
P00000007,VASOS DIP SA # 8,VASOS #8,productos/imagen-no-disponible.png,PAQUETE,25,5
P00000008,GATORADE SABOR LIMA LIMON 350ml,GATORADE LIMA LIMON PEQUEÑO,productos/imagen-no-disponible.png,CAJA,24,1
P00000009,JUGO DEL VALLE LIMON 500ml,JUGO DEL VALLE LIMON MEDIANO,productos/imagen-no-disponible.png,DOCENA,12,1
P00000010,PEPSI MEDIO 500ml,PEPSI VIDRIO ,productos/imagen-no-disponible.png,CAJA,24,1
P00000011,COCA COLA 1.25litros,COCA COLA 1.25 VIDRIO,productos/imagen-no-disponible.png,CAJA,12,1
P00000012,PILSENER DE 1.2litros,PILSENER VIDRIO 1.2 LITROS,productos/imagen-no-disponible.png,CAJA,12,1
P00000013,PILSENER 750ml,PLISENER VIDRIO 750ML,productos/imagen-no-disponible.png,CAJA,12,1
P00000014,CERVEZA SUPREMA 330ml,CERVEZA SUPREMA,productos/imagen-no-disponible.png,CAJA,12,1
P00000015,CERVEZA GOLDEN 600ml,,,,0,1
P00000016,CERVEZA GOLDEN 292ml,GOLDEN VIDRIO PEQUEÑA,productos/imagen-no-disponible.png,CAJA,12,1
P00000017,PALETA DE FRUTA SABOR  GUANABANA 95g,PALETA DE GUANABANA,productos/imagen-no-disponible.png,UNIDAD,1,7
P00000018,PALETA DE FRUTA SABOR NANCE 95g,PALETA DE FRUTA NANCE,productos/imagen-no-disponible.png,UNIDAD,1,7
P00000019,COPA SUNDAE SABOR CHOCOLATE 125g,COPA SUNDAE CHOCOLATE,productos/imagen-no-disponible.png,CAJA,12,7
7401090801646,HELADO CREMOSO RON CON PASAS 1 LITRO,HELADO CREMOSO RON CON PASAS LITRO,productos/imagen-no-disponible.png,UNIDAD,1,7
P00000021,HELADO CREMOSO CHOCOLATE 1 LITRO,HELADO CREMOSO CHOCOLATE LITRO,productos/imagen-no-disponible.png,UNIDAD,1,7
P00000022,SALVADOL Cont:2 TABLETAS,PASTILLA SALVADOL,productos/imagen-no-disponible.png,CAJA,25,8
P00000023,PANADOL ULTRA Cont:2 TABLETAS ,PASTILLA PANADOL ULTRA,productos/imagen-no-disponible.png,CAJA,104,8
P00000024,ALKA SELTZER RAPIDO ALIVIO ,ALKA SELTZER,productos/imagen-no-disponible.png,CAJA,60,8
P00000025,ALCOHOL -MD 90°,ALCOHOL,productos/imagen-no-disponible.png,UNIDAD,1,8
P00000026,DORIVAL GEL ,DORIVAL GEL,productos/imagen-no-disponible.png,BLISTER,12,8
P00000027,DORIVAL PASTILLA ,DORIVAL PASTILLA,productos/imagen-no-disponible.png,BLISTER,12,8
P00000028,UROFIN GRANULADO EFERVECENTE,UROFIN EN POLVO,productos/imagen-no-disponible.png,UNIDAD,1,8
P00000029,COLIPAX,PASTILLA COLIPAX,productos/imagen-no-disponible.png,BLISTER,12,8
P00000030,LORATADINA,PASTILLA LORATADINA,productos/imagen-no-disponible.png,BLISTER,12,8
P00000031,ANSIOVIT,PASTILLA ANSIOVIT,productos/imagen-no-disponible.png,UNIDAD,1,8
P00000032,NERVIOSINA 500g,PASTILLA NERVIOSINA,productos/imagen-no-disponible.png,UNIDAD,1,8
P00000033,DOLOFIN RAPIDA ACCION,PASRTILLA DOLOFIN RAPIDA ACCION,productos/imagen-no-disponible.png,UNIDAD,1,8
P00000034,ALERFIN,PASTILLA ALERFIN,productos/imagen-no-disponible.png,UNIDAD,1,8
P00000035,ALEVE LIQUI- GELS ,ALEVE EN GEL,productos/imagen-no-disponible.png,BLISTER,12,8
P00000036,ALEVE EXTRA STRENGTH,ALEVE EXTRA STRENGTH,productos/imagen-no-disponible.png,BLISTER,12,8
P00000037,SUDA GRIP NOCHE,SUDA GRIP NOCHE,productos/imagen-no-disponible.png,UNIDAD,1,8
P00000038,TOSSOLIN TABLETAS ,TOSSOLIN PASTILLA,productos/imagen-no-disponible.png,UNIDAD,1,8
P00000039,ASPIRINA ,ASPIRINA PASTILLA,productos/imagen-no-disponible.png,BLISTER,12,8
P00000040,ACETAMINOFEN 500 mg MK,ACETAMINOFEN,productos/imagen-no-disponible.png,BLISTER,10,8
P00000042,RANITIDINA,RANITIDINA PASTILLA,productos/imagen-no-disponible.png,BLISTER,10,8
P00000043,SUPER TIAMINA 300 ANCALMO,SUPER TIAMINA 300,productos/imagen-no-disponible.png,UNIDAD,1,8
P00000044,UROFIN TABLETAS,UROFIN PASTILLA,productos/imagen-no-disponible.png,UNIDAD,1,8
P00000045,SIN SUEÑO TABLETAS,SIN SUEÑO PASTILLA,productos/imagen-no-disponible.png,UNIDAD,1,8
P00000046,NERVO TIAMIN,NERVIO TIAMIN PASTILLA,productos/imagen-no-disponible.png,UNIDAD,1,8
P00000047,DOLOFIN AR COMPRIMIDOS,DOLOFIN AR,productos/imagen-no-disponible.png,UNIDAD,1,8
P00000048,DOLOFIN FLEX,DOLOFIN FLEX,productos/imagen-no-disponible.png,UNIDAD,1,8
P00000049,WINASORB 500mg,WINASORB PASTILLA,productos/imagen-no-disponible.png,UNIDAD,1,8
P00000050,BISMUTINA,BISMUTINA EN POLVO,productos/imagen-no-disponible.png,UNIDAD,1,8
P00000051,YODOCLORINA,,,,0,8
P00000052,LOPERAMIN CON NEOMICINA,,,,0,8
P00000053,BISMUTO COMPUESTO,BISMUTO EN POLVO,productos/imagen-no-disponible.png,UNIDAD,1,8
P00000054,PANADO PARA NIÑOS,PANADOL  NIÑOS,productos/imagen-no-disponible.png,UNIDAD,1,8
P00000055,SAL INGLESA RADON ,SAL INGLESA ,productos/imagen-no-disponible.png,UNIDAD,1,8
P00000056,BICABORNATO DE SODIO 12g,BICARBONATO EN POLVO,productos/imagen-no-disponible.png,UNIDAD,1,8
P00000057,AMOXICILINA 500mg,AMOXICILINA,productos/imagen-no-disponible.png,BLISTER,10,8
P00000058,ALKA-SELTZER EXTREME BOOST,ALKA EXTREME,productos/imagen-no-disponible.png,UNIDAD,1,8
P00000059,TABCIN ANTIGRIPAL EFERVECENTE ADULTOS,TABCIN ADULTO,productos/imagen-no-disponible.png,UNIDAD,1,8
P00000060,ASPIRINA PARA NIÑOS ,ASPIRINA NIÑO,productos/imagen-no-disponible.png,UNIDAD,1,8
P00000061,TABCIN PARA NIÑOS,TABCIN NIÑOS,productos/imagen-no-disponible.png,UNIDAD,1,8
P00000062,ALA-AD ANTI DIARREICO,ALKA AD,productos/imagen-no-disponible.png,BLISTER,12,8
P00000063,PANADOL GRIPE MULTI-SINTOMAS,PANADOL MULTI SINTOMAS,productos/imagen-no-disponible.png,UNIDAD,1,8
P00000064,PANADOL SINUSITIS 2 TABLETAS,PANADOL SINUSITIS,productos/imagen-no-disponible.png,UNIDAD,1,8
P00000065,INTESTONOMICINA AD+ ANTI DIARREICO,INTESTINOMICINA,productos/imagen-no-disponible.png,UNIDAD,1,8
P00000066,PASTILLA CUAJO,PASTILLA CUAJO,productos/imagen-no-disponible.png,UNIDAD,1,8
P00000067,NOVOMIT-+,PASTILLA NOVOMIT,productos/imagen-no-disponible.png,BLISTER,10,8
P00000068,PANADOL ALEGY SINUS,PANADOL ALEGY SINUS,productos/imagen-no-disponible.png,UNIDAD,1,8
P00000069,PANADOL EXTRA FUERTE,PANADOL EXTRA FUERTE,productos/imagen-no-disponible.png,UNIDAD,1,8
P00000071,CHOCO PANDA 14g,CHOCO PANDA,productos/imagen-no-disponible.png,TIRA,24,4
6901028344975,CIGARROS MODERN,CIGARROS MODERN UNIDAD,productos/imagen-no-disponible.png,PAQUETE,200,6
7506174502645,CHOCOLATE SNICKERS,CHOCOLATE EN BARRA SNICKERS,productos/imagen-no-disponible.png,CAJA,12,3
